CONFIGURACIÓN,,,,,,,,,
Envío Total ($),"$160,00",,,,,,,,
Margen de Ganancia (%),80%,,,,,,,,
Total de Artículos,53,,,,,,,,
Envío por Artículo ($),"$3,0189",,,,,,,,
Dólar Físico (pesos),$620,,,,,,,,
Dólar Digital (pesos),$500,,,,,,,,
Factor de Ajuste (físico/digital),"1,2400",,,,,,,,
,,,,,,,,,
Paquete,Producto,Costo Original ($),Costo Envío ($),Costo Total ($),Costo Ajustado ($),Margen (%),Precio Venta ($),Precio Venta (pesos),Ganancia ($)
Paq 1 - Base Rule SHEIN,SHEIN Set 2 piezas romántica blanca sujetador largo - Burdeos / 8(L),"$13,29","$3,02","$16,31","$20,22",80%,"$36,40",$18.201,"$16,18"
Paq 1 - Base Rule SHEIN,SHEIN Set 2 piezas romántica blanca sujetador largo - Burdeos / 6(M),"$13,29","$3,02","$16,31","$20,22",80%,"$36,40",$18.201,"$16,18"
Paq 1 - Base Rule SHEIN,SHEIN Set 2 piezas con parches encaje rosa rojo - Verde / 4(S),"$8,29","$3,02","$11,31","$14,02",80%,"$25,24",$12.621,"$11,22"
Paq 1 - Base Rule SHEIN,Set 2 piezas con parches encaje rosa rojo - Púrpura malva / 8(L),"$8,19","$3,02","$11,21","$13,90",80%,"$25,02",$12.509,"$11,12"
Paq 1 - Base Rule SHEIN,SHEIN Set 2 piezas con parches encaje rosa rojo - Verde / 6(M),"$8,29","$3,02","$11,31","$14,02",80%,"$25,24",$12.621,"$11,22"
Paq 1 - Base Rule SHEIN,SHEIN 2 piezas sujetador sexy malla bordada con aros - Rojo / 8(L),"$16,79","$3,02","$19,81","$24,56",80%,"$44,21",$22.107,"$19,65"
Paq 1 - Base Rule SHEIN,Conjunto lencería minimalista unicolor 4 piezas - Azul y blanco / 8(L),"$16,29","$3,02","$19,31","$23,94",80%,"$43,10",$21.549,"$19,15"
Paq 1 - Base Rule SHEIN,Conjunto lencería minimalista unicolor 4 piezas - Azul y blanco / 6(M),"$16,29","$3,02","$19,31","$23,94",80%,"$43,10",$21.549,"$19,15"
Paq 1 - Base Rule SHEIN,SHEIN Set 2 piezas con parches encaje rosa rojo - Verde / 8(L),"$8,29","$3,02","$11,31","$14,02",80%,"$25,24",$12.621,"$11,22"
Paq 1 - Base Rule SHEIN,Set 2 piezas romántica blanca sujetador largo - Negro / 10(XL),"$13,49","$3,02","$16,51","$20,47",80%,"$36,85",$18.424,"$16,38"
Paq 2 - Base Rule SHEIN,Set 2 piezas con parches encaje rosa rojo - Púrpura malva / 6(M),"$8,19","$3,02","$11,21","$13,90",80%,"$25,02",$12.509,"$11,12"
Paq 2 - Base Rule SHEIN,Set 2 piezas con parches encaje rosa rojo - Púrpura malva / 4(S),"$8,19","$3,02","$11,21","$13,90",80%,"$25,02",$12.509,"$11,12"
Paq 3 - ROMWE,ROMWE Goth Top corto corsé borde murciélago - Negro / 8(L),"$11,79","$3,02","$14,81","$18,36",80%,"$33,05",$16.527,"$14,69"
Paq 3 - ROMWE,ROMWE Goth Top corto corsé borde murciélago - Negro / 6(M),"$11,79","$3,02","$14,81","$18,36",80%,"$33,05",$16.527,"$14,69"
Paq 3 - ROMWE,ROMWE Goth Top corto corsé borde murciélago - Negro / 4(S),"$11,79","$3,02","$14,81","$18,36",80%,"$33,05",$16.527,"$14,69"
Paq 4 - Conjunto rosa,Conjunto lencería rosa con encaje y lazos - item 1 (FALTA PRECIO ORIG),"$0,00","$3,02","$3,02","$3,74",80%,"$6,74",$3.369,"$2,99"
Paq 4 - Conjunto rosa,Conjunto lencería rosa con encaje y lazos - item 2 (FALTA PRECIO ORIG),"$0,00","$3,02","$3,02","$3,74",80%,"$6,74",$3.369,"$2,99"
Paq 5 - Everyday Bra,3 Conjuntos 6 piezas sujetador y tanga bordado - Multicolor / S (conjunto 1 de 3),"$8,40","$3,02","$11,42","$14,16",80%,"$25,49",$12.743,"$11,33"
Paq 5 - Everyday Bra,3 Conjuntos 6 piezas sujetador y tanga bordado - Multicolor / S (conjunto 2 de 3),"$8,40","$3,02","$11,42","$14,16",80%,"$25,49",$12.743,"$11,33"
Paq 5 - Everyday Bra,3 Conjuntos 6 piezas sujetador y tanga bordado - Multicolor / S (conjunto 3 de 3),"$8,40","$3,02","$11,42","$14,16",80%,"$25,49",$12.743,"$11,33"
Paq 5 - Everyday Bra,3 Conjuntos 6 piezas sujetador y tanga bordado - Multicolor / M (conjunto 1 de 3),"$8,40","$3,02","$11,42","$14,16",80%,"$25,49",$12.743,"$11,33"
Paq 5 - Everyday Bra,3 Conjuntos 6 piezas sujetador y tanga bordado - Multicolor / M (conjunto 2 de 3),"$8,40","$3,02","$11,42","$14,16",80%,"$25,49",$12.743,"$11,33"
Paq 5 - Everyday Bra,3 Conjuntos 6 piezas sujetador y tanga bordado - Multicolor / M (conjunto 3 de 3),"$8,40","$3,02","$11,42","$14,16",80%,"$25,49",$12.743,"$11,33"
Paq 5 - Everyday Bra,3 Conjuntos 6 piezas sujetador y tanga bordado - Multicolor / L (conjunto 1 de 3),"$8,40","$3,02","$11,42","$14,16",80%,"$25,49",$12.743,"$11,33"
Paq 5 - Everyday Bra,3 Conjuntos 6 piezas sujetador y tanga bordado - Multicolor / L (conjunto 2 de 3),"$8,40","$3,02","$11,42","$14,16",80%,"$25,49",$12.743,"$11,33"
Paq 5 - Everyday Bra,3 Conjuntos 6 piezas sujetador y tanga bordado - Multicolor / L (conjunto 3 de 3),"$8,40","$3,02","$11,42","$14,16",80%,"$25,49",$12.743,"$11,33"
Paq 6 - AltCore,AltCore 2 piezas Conjunto lencería sexy encaje - Multicolor / 8(L),"$17,29","$3,02","$20,31","$25,18",80%,"$45,33",$22.665,"$20,15"
Paq 6 - AltCore,AltCore 2 piezas Conjunto lencería sexy encaje - Multicolor / 6(M),"$17,29","$3,02","$20,31","$25,18",80%,"$45,33",$22.665,"$20,15"
Paq 7 - lianger1,Conjunto lencería sexy 3 piezas - Mezcla de colores / S,"$18,59","$3,02","$21,61","$26,79",80%,"$48,23",$24.115,"$21,44"
Paq 7 - lianger1,Conjunto lencería sexy 3 piezas - Mezcla de colores / M,"$18,59","$3,02","$21,61","$26,79",80%,"$48,23",$24.115,"$21,44"
Paq 8 - Silquee,Silquee Set 2 piezas estilo romántico francés - Negro / L,"$10,79","$3,02","$13,81","$17,12",80%,"$30,82",$15.411,"$13,70"
Paq 8 - Silquee,Silquee Set 2 piezas estilo romántico francés - Negro / S,"$10,79","$3,02","$13,81","$17,12",80%,"$30,82",$15.411,"$13,70"
Paq 8 - Silquee,Silquee Set 2 piezas estilo romántico francés - Negro / M,"$10,79","$3,02","$13,81","$17,12",80%,"$30,82",$15.411,"$13,70"
Paq 9 - Seduluxe,Seduluxe 2 piezas Conjunto bordado malla - Óxido marrón / 8(L),"$11,39","$3,02","$14,41","$17,87",80%,"$32,16",$16.080,"$14,29"
Paq 9 - Seduluxe,Seduluxe 2 piezas Conjunto bordado malla - Óxido marrón / 4(S),"$11,39","$3,02","$14,41","$17,87",80%,"$32,16",$16.080,"$14,29"
Paq 9 - Seduluxe,Seduluxe Set 2 piezas encaje rojo rosa maduro - Burdeos / 8(L),"$7,79","$3,02","$10,81","$13,40",80%,"$24,13",$12.063,"$10,72"
Paq 9 - Seduluxe,Seduluxe Set 2 piezas encaje rojo rosa maduro - Burdeos / 6(M),"$7,79","$3,02","$10,81","$13,40",80%,"$24,13",$12.063,"$10,72"
Paq 9 - Seduluxe,Seduluxe Set 2 piezas encaje rojo rosa maduro - Burdeos / 4(S),"$7,79","$3,02","$10,81","$13,40",80%,"$24,13",$12.063,"$10,72"
Paq 9 - Seduluxe,Seduluxe 2 piezas Conjunto bordado malla - Rojo / 8(L),"$11,29","$3,02","$14,31","$17,74",80%,"$31,94",$15.969,"$14,19"
Paq 9 - Seduluxe,Seduluxe 2 piezas Conjunto bordado malla - Rojo / 6(M),"$11,29","$3,02","$14,31","$17,74",80%,"$31,94",$15.969,"$14,19"
Paq 9 - Seduluxe,Seduluxe 2 piezas Conjunto bordado malla - Rojo / 4(S),"$11,29","$3,02","$14,31","$17,74",80%,"$31,94",$15.969,"$14,19"
Paq 9 - Seduluxe,Seduluxe 2 piezas Conjunto bordado malla - Óxido marrón / 6(M),"$11,39","$3,02","$14,41","$17,87",80%,"$32,16",$16.080,"$14,29"
Paq 10 - Mixto,2 piezas Conjunto lencería sexy malla ultra - Marrón / 6(M),"$8,49","$3,02","$11,51","$14,27",80%,"$25,69",$12.844,"$11,42"
Paq 10 - Mixto,2 piezas Conjunto lencería sexy malla ultra - Negro / 4(S),"$8,59","$3,02","$11,61","$14,39",80%,"$25,91",$12.955,"$11,52"
Paq 10 - Mixto,2 piezas Conjunto lencería sexy malla ultra - Negro / 6(M),"$8,59","$3,02","$11,61","$14,39",80%,"$25,91",$12.955,"$11,52"
Paq 10 - Mixto,2 piezas Conjunto lencería sexy malla ultra - Marrón / 4(S),"$8,49","$3,02","$11,51","$14,27",80%,"$25,69",$12.844,"$11,42"
Paq 10 - Mixto,YMTSM Set Ligas de Pierna Cuero PU Remaches Punk - Negro / Unitalla,"$4,00","$3,02","$7,02","$8,70",80%,"$15,67",$7.833,"$6,96"
Paq 11 - EverydayBra,3 Conjuntos 6 piezas sujetador y pantie bordado flor - Negro / 8(L) (conjunto 1 de 3),"$9,86","$3,02","$12,88","$15,97",80%,"$28,75",$14.373,"$12,78"
Paq 11 - EverydayBra,3 Conjuntos 6 piezas sujetador y pantie bordado flor - Negro / 8(L) (conjunto 2 de 3),"$9,86","$3,02","$12,88","$15,97",80%,"$28,75",$14.373,"$12,78"
Paq 11 - EverydayBra,3 Conjuntos 6 piezas sujetador y pantie bordado flor - Negro / 8(L) (conjunto 3 de 3),"$9,86","$3,02","$12,88","$15,97",80%,"$28,75",$14.373,"$12,78"
Paq 11 - EverydayBra,3 Conjuntos 6 piezas sujetador y pantie bordado - Verde / 6(M) (conjunto 1 de 3),"$9,70","$3,02","$12,72","$15,77",80%,"$28,39",$14.194,"$12,62"
Paq 11 - EverydayBra,3 Conjuntos 6 piezas sujetador y pantie bordado - Verde / 6(M) (conjunto 2 de 3),"$9,70","$3,02","$12,72","$15,77",80%,"$28,39",$14.194,"$12,62"
Paq 11 - EverydayBra,3 Conjuntos 6 piezas sujetador y pantie bordado - Verde / 6(M) (conjunto 3 de 3),"$9,70","$3,02","$12,72","$15,77",80%,"$28,39",$14.194,"$12,62"
,,,,,,,,,
TOTALES,,"$542,23","$160,00","$702,23","$870,77",,"$1.567,38",$783.689,"$696,61"